taxon	max_age	min_age
Allosaurus_europaeus	152	147.1
Alxasaurus_elesitaiensis	113	100.5
Aorun_zhaoi	163.4	162.2
Bannykus_wulatensis	121.4	113
Baryonyx_walkeri	125.77	121.4
Beipiaosaurus_inexpectus	125.755	124.122
Beishanlong_grandis	121.4	113
Caudipteryx_dongi	125.755	124.122
Caudipteryx_zoui	125.755	124.122
Ceratosaurus_nasicornis	152.29	152.29
Changyuraptor_yangi	125.755	124.122
Coelurus_fragilis	152.86	151.36
Compsognathus_longipes	152	147.1
Daliansaurus_liaoningensis	125.755	124.122
Daurlong_wangi	121.23	121.23
Deinonychus_antirrhopus	121.4	100.5
Dilong_paradoxus	125.755	124.122
Eosinopteryx_brevipenna	160.889	158.58
Eotyrannus_lengi	129.185	123.585
Falcarius_utahensis	139	134.6
Geminiraptor_suarezarum	139	134.6
Graciliraptor_lujiatunensis	125.755	124.122
Guanlong_wucaii	160.4	159.7
Haplocheirus_sollers	162.2	160.4
Harpymimus_okladnikovi	106.75	100.5
Hesperornithoides_miessleri	156.84	147
Hexing_qingyi	125.755	124.122
Huaxiagnathus_orientalis	125.755	124.122
Incisivosaurus_gauthieri	125.755	124.122
Jianchangosaurus_yixianensis	125.755	124.122
Jianianhualong_tengi	125.755	124.122
Jinfengopteryx_elegans	125.755	124.122
Juratyrant_langhami	149.2	147.1
Juravenator_starki	152	149.2
Kileskus_aristotocus	168.2	165.3
Kinnareemimus_khonkaenensis	133.8	132.4
Liaoningvenator_curriei	125.755	124.122
Lingyuanosaurus_sihedangensis	122	118.9
Mei_long	125.755	124.122
Microraptor_zhaoianus	122	118.9
Microvenator_celer	109	98
Mirischia_asymmetrica	117.7	113
Nqwebasaurus_thwazi	145	132.6
Ornitholestes_hermanni	152	152
Pelecanimimus_polyodon	123.585	121.4
Proceratosaurus_bradleyi	166.75	165.3
Protarchaeopteryx_robusta	125.755	124.122
Serikornis_sungei	160.889	158.58
Shanag_ashile	141	126
Shidaisaurus_jinae	170.9	168.2
Similicaudipteryx_yixianensis	122	118.9
Sinocalliopteryx_gigas	125.755	124.122
Sinornithoides_youngi	121.4	100.5
Sinornithosaurus_millenii	125.755	124.122
Sinosauropteryx_prima	125.755	124.122
Sinotyrannus_kazuoensis	122	118.9
Sinovenator_changii	125.755	124.122
Sinusonasus_magnodens	125.755	124.122
Suzhousaurus_megatherioides	121.4	113
Tianyuraptor_ostromi	125.755	124.122
Torvosaurus_gurneyi	152	149.2
Tugulusaurus_faciles	139.8	123.585
Tyrannomimus_fukuiensis	121.4	113
Tyrannotitan_chubutensis	110.781	101.62
Utahraptor_ostrommaysi	139	134.6
Xingtianosaurus_ganqi	125.755	124.122
Xiongguanlong_baimoensis	121.4	113
Xiyunykus_pengi	125.77	117.7
Yi_qi	160.889	158.58
Yutyrannus_huali	125.755	124.122
Zhenyuanlong_suni	125.755	124.122
Zhongjianosaurus_yangi	122	118.9
Zuolong_salleei	162.2	160.4